--
-- PostgreSQL database dump
--

-- Dumped from database version 14.5
-- Dumped by pg_dump version 14.5

SET statement_timeout = 0;
SET lock_timeout = 0;
SET idle_in_transaction_session_timeout = 0;
SET client_encoding = 'UTF8';
SET standard_conforming_strings = on;
SELECT pg_catalog.set_config('search_path', '', false);
SET check_function_bodies = false;
SET xmloption = content;
SET client_min_messages = warning;
SET row_security = off;

DROP DATABASE IF EXISTS "sveData";
--
-- Name: sveData; Type: DATABASE; Schema: -; Owner: postgres
--

CREATE DATABASE "sveData" WITH TEMPLATE = template0 ENCODING = 'UTF8' LOCALE = 'Italian_Italy.1252';


ALTER DATABASE "sveData" OWNER TO postgres;

\connect "sveData"

SET statement_timeout = 0;
SET lock_timeout = 0;
SET idle_in_transaction_session_timeout = 0;
SET client_encoding = 'UTF8';
SET standard_conforming_strings = on;
SELECT pg_catalog.set_config('search_path', '', false);
SET check_function_bodies = false;
SET xmloption = content;
SET client_min_messages = warning;
SET row_security = off;

--
-- Name: sve; Type: SCHEMA; Schema: -; Owner: postgres
--

CREATE SCHEMA sve;


ALTER SCHEMA sve OWNER TO postgres;

SET default_tablespace = '';

SET default_table_access_method = heap;

--
-- Name: Auditing; Type: TABLE; Schema: sve; Owner: postgres
--

CREATE TABLE sve."Auditing" (
    id integer NOT NULL,
    orario timestamp without time zone,
    azione integer,
    ruolo_chi character varying(10),
    chi character varying(16),
    CONSTRAINT "Auditing_ruolo_chi_check" CHECK (((ruolo_chi)::text = ANY ((ARRAY['GESTORE'::character varying, 'ELETTORE'::character varying])::text[])))
);


ALTER TABLE sve."Auditing" OWNER TO postgres;

--
-- Name: Auditing_id_seq; Type: SEQUENCE; Schema: sve; Owner: postgres
--

CREATE SEQUENCE sve."Auditing_id_seq"
    AS integer
    START WITH 1
    INCREMENT BY 1
    NO MINVALUE
    NO MAXVALUE
    CACHE 1;


ALTER TABLE sve."Auditing_id_seq" OWNER TO postgres;

--
-- Name: Auditing_id_seq; Type: SEQUENCE OWNED BY; Schema: sve; Owner: postgres
--

ALTER SEQUENCE sve."Auditing_id_seq" OWNED BY sve."Auditing".id;


--
-- Name: Azioni_auditing; Type: TABLE; Schema: sve; Owner: postgres
--

CREATE TABLE sve."Azioni_auditing" (
    id integer NOT NULL,
    azione character varying(50)
);


ALTER TABLE sve."Azioni_auditing" OWNER TO postgres;

--
-- Name: Azioni_auditing_id_seq; Type: SEQUENCE; Schema: sve; Owner: postgres
--

CREATE SEQUENCE sve."Azioni_auditing_id_seq"
    AS integer
    START WITH 1
    INCREMENT BY 1
    NO MINVALUE
    NO MAXVALUE
    CACHE 1;


ALTER TABLE sve."Azioni_auditing_id_seq" OWNER TO postgres;

--
-- Name: Azioni_auditing_id_seq; Type: SEQUENCE OWNED BY; Schema: sve; Owner: postgres
--

ALTER SEQUENCE sve."Azioni_auditing_id_seq" OWNED BY sve."Azioni_auditing".id;


--
-- Name: Candidati; Type: TABLE; Schema: sve; Owner: postgres
--

CREATE TABLE sve."Candidati" (
    id integer NOT NULL,
    persona character varying(16),
    partito integer,
    ruolo character varying(50)
);


ALTER TABLE sve."Candidati" OWNER TO postgres;

--
-- Name: Candidati_int_seq; Type: SEQUENCE; Schema: sve; Owner: postgres
--

CREATE SEQUENCE sve."Candidati_int_seq"
    AS integer
    START WITH 1
    INCREMENT BY 1
    NO MINVALUE
    NO MAXVALUE
    CACHE 1;


ALTER TABLE sve."Candidati_int_seq" OWNER TO postgres;

--
-- Name: Candidati_int_seq; Type: SEQUENCE OWNED BY; Schema: sve; Owner: postgres
--

ALTER SEQUENCE sve."Candidati_int_seq" OWNED BY sve."Candidati".id;


--
-- Name: Elettori; Type: TABLE; Schema: sve; Owner: postgres
--

CREATE TABLE sve."Elettori" (
    cf character varying(16) NOT NULL,
    password character varying(60),
    diritto_voto boolean,
    diritto_voto_distanza boolean
);


ALTER TABLE sve."Elettori" OWNER TO postgres;

--
-- Name: Gestori; Type: TABLE; Schema: sve; Owner: postgres
--

CREATE TABLE sve."Gestori" (
    cf character varying(16) NOT NULL,
    password character varying(60)
);


ALTER TABLE sve."Gestori" OWNER TO postgres;

--
-- Name: Partiti; Type: TABLE; Schema: sve; Owner: postgres
--

CREATE TABLE sve."Partiti" (
    id integer NOT NULL,
    nome character varying(100)
);


ALTER TABLE sve."Partiti" OWNER TO postgres;

--
-- Name: Partiti_id_seq; Type: SEQUENCE; Schema: sve; Owner: postgres
--

CREATE SEQUENCE sve."Partiti_id_seq"
    AS integer
    START WITH 1
    INCREMENT BY 1
    NO MINVALUE
    NO MAXVALUE
    CACHE 1;


ALTER TABLE sve."Partiti_id_seq" OWNER TO postgres;

--
-- Name: Partiti_id_seq; Type: SEQUENCE OWNED BY; Schema: sve; Owner: postgres
--

ALTER SEQUENCE sve."Partiti_id_seq" OWNED BY sve."Partiti".id;


--
-- Name: Persone; Type: TABLE; Schema: sve; Owner: postgres
--

CREATE TABLE sve."Persone" (
    cf character varying(16) NOT NULL,
    nome character varying(100),
    cognome character varying(100),
    sesso character varying(1),
    nazionalita character varying(3),
    luogo_nascita character varying(50),
    data_nascita date,
    CONSTRAINT "Persona_nazionalita_check" CHECK ((char_length((nazionalita)::text) = 3)),
    CONSTRAINT "Persona_sesso_check" CHECK (((sesso)::text = ANY ((ARRAY['M'::character varying, 'F'::character varying])::text[])))
);


ALTER TABLE sve."Persone" OWNER TO postgres;

--
-- Name: Referendum; Type: TABLE; Schema: sve; Owner: postgres
--

CREATE TABLE sve."Referendum" (
    sessione integer NOT NULL,
    quesito character varying(200) NOT NULL,
    si integer DEFAULT 0,
    no integer DEFAULT 0
);


ALTER TABLE sve."Referendum" OWNER TO postgres;

--
-- Name: Sessioni; Type: TABLE; Schema: sve; Owner: postgres
--

CREATE TABLE sve."Sessioni" (
    id integer NOT NULL,
    titolo character varying(100),
    data_apertura date,
    data_chiusura date,
    tipo_votazione character varying(21),
    tipo_scrutinio character varying(20),
    chiusa boolean,
    gestore character varying(16),
    "votazionePartiti" boolean DEFAULT false,
    CONSTRAINT data_chiusura_check CHECK ((data_apertura < data_chiusura)),
    CONSTRAINT tipo_scrutinio_check CHECK (((tipo_scrutinio)::text = ANY ((ARRAY['MAGGIORANZA'::character varying, 'MAGGIORANZA_ASSOLUTA'::character varying, 'REFERENDUM'::character varying, 'REFERENDUM_QUORUM'::character varying])::text[]))),
    CONSTRAINT tipo_votazione_check CHECK (((tipo_votazione)::text = ANY ((ARRAY['ORDINALE'::character varying, 'CATEGORICO'::character varying, 'CATEGORICO_PREFERENZA'::character varying, 'REFERENDUM'::character varying])::text[])))
);


ALTER TABLE sve."Sessioni" OWNER TO postgres;

--
-- Name: Sessione_id_seq; Type: SEQUENCE; Schema: sve; Owner: postgres
--

CREATE SEQUENCE sve."Sessione_id_seq"
    AS integer
    START WITH 1
    INCREMENT BY 1
    NO MINVALUE
    NO MAXVALUE
    CACHE 1;


ALTER TABLE sve."Sessione_id_seq" OWNER TO postgres;

--
-- Name: Sessione_id_seq; Type: SEQUENCE OWNED BY; Schema: sve; Owner: postgres
--

ALTER SEQUENCE sve."Sessione_id_seq" OWNED BY sve."Sessioni".id;


--
-- Name: VotiCandidati; Type: TABLE; Schema: sve; Owner: postgres
--

CREATE TABLE sve."VotiCandidati" (
    candidato integer NOT NULL,
    sessione integer NOT NULL,
    voti integer DEFAULT 0,
    CONSTRAINT "VotiCandidati_voti_check" CHECK ((voti >= 0))
);


ALTER TABLE sve."VotiCandidati" OWNER TO postgres;

--
-- Name: VotiElettori; Type: TABLE; Schema: sve; Owner: postgres
--

CREATE TABLE sve."VotiElettori" (
    elettore character varying(16) NOT NULL,
    sessione integer NOT NULL,
    orario timestamp without time zone
);


ALTER TABLE sve."VotiElettori" OWNER TO postgres;

--
-- Name: VotiPartiti; Type: TABLE; Schema: sve; Owner: postgres
--

CREATE TABLE sve."VotiPartiti" (
    partito integer NOT NULL,
    sessione integer NOT NULL,
    voti integer,
    CONSTRAINT "VotiPartiti_voti_check" CHECK ((voti >= 0))
);


ALTER TABLE sve."VotiPartiti" OWNER TO postgres;

--
-- Name: Auditing id; Type: DEFAULT; Schema: sve; Owner: postgres
--

ALTER TABLE ONLY sve."Auditing" ALTER COLUMN id SET DEFAULT nextval('sve."Auditing_id_seq"'::regclass);


--
-- Name: Azioni_auditing id; Type: DEFAULT; Schema: sve; Owner: postgres
--

ALTER TABLE ONLY sve."Azioni_auditing" ALTER COLUMN id SET DEFAULT nextval('sve."Azioni_auditing_id_seq"'::regclass);


--
-- Name: Candidati id; Type: DEFAULT; Schema: sve; Owner: postgres
--

ALTER TABLE ONLY sve."Candidati" ALTER COLUMN id SET DEFAULT nextval('sve."Candidati_int_seq"'::regclass);


--
-- Name: Partiti id; Type: DEFAULT; Schema: sve; Owner: postgres
--

ALTER TABLE ONLY sve."Partiti" ALTER COLUMN id SET DEFAULT nextval('sve."Partiti_id_seq"'::regclass);


--
-- Name: Sessioni id; Type: DEFAULT; Schema: sve; Owner: postgres
--

ALTER TABLE ONLY sve."Sessioni" ALTER COLUMN id SET DEFAULT nextval('sve."Sessione_id_seq"'::regclass);


--
-- Data for Name: Auditing; Type: TABLE DATA; Schema: sve; Owner: postgres
--

COPY sve."Auditing" (id, orario, azione, ruolo_chi, chi) FROM stdin;
3	2022-09-03 23:28:29.23442	1	GESTORE	RBNSRA92R50L113H
4	2022-09-03 23:28:29.317393	1	ELETTORE	TLLMRA99L13H2640
5	2022-09-04 11:17:48.775433	1	ELETTORE	TLLMRA99L13H2640
6	2022-09-04 11:17:50.656024	1	ELETTORE	TLLMRA99L13H2640
7	2022-09-04 11:18:10.090636	1	ELETTORE	TLLMRA99L13H2640
8	2022-09-04 11:18:16.264359	1	ELETTORE	TLLMRA99L13H2640
9	2022-09-04 11:18:53.715194	1	ELETTORE	TLLMRA99L13H2640
10	2022-09-04 11:21:32.441496	1	ELETTORE	TLLMRA99L13H2640
11	2022-09-04 11:21:47.846526	1	ELETTORE	TLLMRA99L13H2640
12	2022-09-04 11:22:28.66605	1	ELETTORE	TLLMRA99L13H2640
13	2022-09-04 11:22:41.012165	1	ELETTORE	TLLMRA99L13H2640
14	2022-09-04 16:29:01.625901	1	ELETTORE	TLLMRA99L13H2640
15	2022-09-04 18:49:36.893657	1	ELETTORE	TLLMRA99L13H2640
16	2022-09-04 18:50:01.920335	1	ELETTORE	TLLMRA99L13H2640
17	2022-09-04 18:50:26.339911	1	ELETTORE	TLLMRA99L13H2640
18	2022-09-04 18:50:38.626528	1	ELETTORE	TLLMRA99L13H2640
19	2022-09-04 18:55:21.060941	1	GESTORE	RBNSRA92R50L113H
20	2022-09-04 23:23:12.10363	1	ELETTORE	TLLMRA99L13H2640
21	2022-09-04 23:25:17.69008	1	ELETTORE	TLLMRA99L13H2640
22	2022-09-04 23:30:15.15928	1	ELETTORE	TLLMRA99L13H2640
23	2022-09-04 23:34:53.512468	1	ELETTORE	TLLMRA99L13H2640
24	2022-09-04 23:35:37.224751	1	GESTORE	RBNSRA92R50L113H
25	2022-09-05 00:00:24.602836	1	GESTORE	RBNSRA92R50L113H
26	2022-09-05 00:14:15.598345	1	GESTORE	RBNSRA92R50L113H
27	2022-09-05 00:15:01.115196	1	ELETTORE	TLLMRA99L13H2640
28	2022-09-05 00:16:53.607626	1	ELETTORE	TLLMRA99L13H2640
29	2022-09-05 10:45:24.554487	1	ELETTORE	TLLMRA99L13H2640
30	2022-09-05 11:29:49.176443	1	ELETTORE	E
31	2022-09-05 11:31:22.430541	1	GESTORE	E
32	2022-09-05 12:18:22.815484	1	ELETTORE	E
33	2022-09-05 12:18:39.344461	1	ELETTORE	E
34	2022-09-05 12:18:48.062321	1	ELETTORE	E
35	2022-09-05 12:27:28.371685	1	ELETTORE	E
36	2022-09-05 12:30:15.23705	1	ELETTORE	E
37	2022-09-05 12:31:38.423506	1	ELETTORE	E
38	2022-09-05 12:34:00.514287	1	ELETTORE	E
39	2022-09-05 12:41:37.467488	1	ELETTORE	E
40	2022-09-05 12:44:38.477637	1	ELETTORE	E
41	2022-09-05 12:45:46.525694	1	ELETTORE	E
42	2022-09-05 12:46:04.011433	1	ELETTORE	E
43	2022-09-05 12:48:23.048121	1	ELETTORE	E
44	2022-09-05 12:48:44.4185	1	ELETTORE	E
45	2022-09-05 12:50:17.141753	1	ELETTORE	E
46	2022-09-05 14:16:32.04224	1	ELETTORE	E
47	2022-09-05 14:17:54.38875	1	ELETTORE	E
48	2022-09-05 14:19:06.422815	1	ELETTORE	E
49	2022-09-05 14:20:04.075895	1	ELETTORE	E
50	2022-09-05 14:21:42.708623	1	ELETTORE	E
51	2022-09-05 14:22:31.920843	1	ELETTORE	E
52	2022-09-05 14:24:30.550437	1	ELETTORE	E
53	2022-09-05 15:30:18.756678	1	ELETTORE	E
54	2022-09-05 15:30:39.41062	1	ELETTORE	E
55	2022-09-05 15:33:50.170802	1	ELETTORE	E
56	2022-09-05 15:52:39.219969	1	ELETTORE	E
57	2022-09-05 15:57:51.210769	1	ELETTORE	E
58	2022-09-05 16:07:31.309612	1	ELETTORE	E
59	2022-09-05 22:27:26.630543	1	ELETTORE	E
60	2022-09-05 22:29:27.380741	1	ELETTORE	E
61	2022-09-06 11:16:21.360532	1	ELETTORE	E
62	2022-09-06 11:47:50.603792	1	ELETTORE	E
63	2022-09-06 12:33:39.982468	1	ELETTORE	E
64	2022-09-06 12:34:45.615649	1	ELETTORE	E
65	2022-09-06 13:18:23.870985	1	ELETTORE	E
66	2022-09-06 13:21:12.556029	1	ELETTORE	E
67	2022-09-06 13:39:24.926199	1	ELETTORE	E
68	2022-09-06 14:07:20.638462	1	ELETTORE	E
69	2022-09-06 15:02:05.437239	1	ELETTORE	E
70	2022-09-06 15:04:26.949471	1	ELETTORE	E
71	2022-09-06 15:06:06.986608	1	ELETTORE	E
72	2022-09-06 15:08:47.45182	1	ELETTORE	E
73	2022-09-06 15:20:38.151567	1	ELETTORE	E
74	2022-09-06 15:21:25.804504	1	ELETTORE	E
75	2022-09-06 15:32:10.694854	1	ELETTORE	E
76	2022-09-06 15:33:18.447801	1	ELETTORE	E
77	2022-09-06 15:33:38.778776	1	ELETTORE	E
78	2022-09-06 15:34:40.686575	1	ELETTORE	E
79	2022-09-06 15:38:25.961295	1	ELETTORE	E
80	2022-09-06 15:39:03.617267	1	ELETTORE	E
81	2022-09-06 15:39:17.611383	1	ELETTORE	E
82	2022-09-06 15:39:47.447468	1	ELETTORE	E
83	2022-09-06 15:43:20.284816	1	ELETTORE	E
84	2022-09-06 15:44:06.894367	1	ELETTORE	E
85	2022-09-06 15:45:53.832247	1	ELETTORE	E
86	2022-09-06 15:46:19.600871	1	ELETTORE	E
87	2022-09-06 15:58:06.469067	1	ELETTORE	E
88	2022-09-06 15:59:22.374202	1	ELETTORE	E
89	2022-09-06 16:00:40.594986	1	ELETTORE	E
90	2022-09-06 16:14:23.99463	1	ELETTORE	E
91	2022-09-06 16:16:33.824045	1	ELETTORE	E
92	2022-09-06 16:17:47.132883	1	ELETTORE	E
93	2022-09-06 16:18:13.91848	1	ELETTORE	E
94	2022-09-06 16:23:32.844342	1	ELETTORE	E
95	2022-09-06 16:31:40.071008	1	ELETTORE	E
96	2022-09-06 16:44:49.211872	1	ELETTORE	E
97	2022-09-06 16:58:50.238583	1	ELETTORE	E
98	2022-09-06 16:59:36.391593	1	ELETTORE	E
99	2022-09-06 17:04:28.527749	1	ELETTORE	E
100	2022-09-06 17:04:42.86087	1	ELETTORE	E
101	2022-09-06 17:08:21.791536	1	ELETTORE	E
102	2022-09-06 17:08:38.434697	1	ELETTORE	E
103	2022-09-06 17:14:54.554378	1	ELETTORE	E
104	2022-09-06 18:52:18.211223	1	ELETTORE	E
105	2022-09-06 18:57:03.301396	1	ELETTORE	E
106	2022-09-06 19:03:17.940921	1	ELETTORE	E
107	2022-09-06 19:03:56.833558	1	ELETTORE	E
108	2022-09-06 19:04:30.817645	1	ELETTORE	E
109	2022-09-06 19:04:51.252007	1	ELETTORE	E
110	2022-09-06 19:06:21.572701	1	ELETTORE	E
111	2022-09-06 19:06:35.701014	1	ELETTORE	E
112	2022-09-06 19:06:44.830205	1	ELETTORE	E
113	2022-09-06 19:07:36.948296	1	ELETTORE	E
114	2022-09-06 19:13:42.851395	1	ELETTORE	E
115	2022-09-07 10:12:46.289702	1	ELETTORE	E
116	2022-09-07 10:13:01.03866	1	ELETTORE	E
117	2022-09-07 10:14:18.515231	1	ELETTORE	E
118	2022-09-07 10:14:38.753508	1	ELETTORE	E
119	2022-09-07 10:15:56.393521	1	ELETTORE	E
120	2022-09-07 10:24:34.290805	1	ELETTORE	E
121	2022-09-07 10:26:15.213942	1	ELETTORE	E
122	2022-09-07 10:27:10.929556	1	ELETTORE	E
123	2022-09-07 10:28:21.372568	1	ELETTORE	E
124	2022-09-07 10:53:09.88239	1	ELETTORE	E
125	2022-09-07 12:10:59.079517	1	ELETTORE	E
126	2022-09-07 12:11:20.780761	2	ELETTORE	E
127	2022-09-07 12:11:56.503452	2	ELETTORE	E
128	2022-09-07 12:12:17.753021	2	ELETTORE	E
129	2022-09-07 14:50:43.611122	1	ELETTORE	E
130	2022-09-07 14:51:02.526323	2	ELETTORE	E
131	2022-09-07 15:58:13.480999	1	ELETTORE	E
132	2022-09-07 15:58:35.248605	1	ELETTORE	E
133	2022-09-07 16:18:02.777826	1	ELETTORE	E
134	2022-09-07 16:21:20.285201	1	ELETTORE	E
135	2022-09-07 16:25:39.522067	1	ELETTORE	E
136	2022-09-07 16:26:11.290023	1	ELETTORE	E
137	2022-09-07 16:26:54.785143	1	ELETTORE	E
138	2022-09-07 16:27:21.911255	2	ELETTORE	E
139	2022-09-07 16:32:58.655342	1	ELETTORE	E
140	2022-09-07 16:36:00.491881	1	ELETTORE	E
141	2022-09-07 16:37:39.812158	1	ELETTORE	E
142	2022-09-07 16:38:06.962623	1	ELETTORE	E
143	2022-09-07 18:59:07.253684	1	ELETTORE	E
144	2022-09-07 18:59:18.248548	2	ELETTORE	E
145	2022-09-07 22:49:36.779683	1	ELETTORE	E
146	2022-09-07 22:49:37.773361	5	ELETTORE	E
147	2022-09-07 22:49:40.186825	1	ELETTORE	E
148	2022-09-07 22:52:19.214479	1	ELETTORE	E
149	2022-09-07 22:52:20.077276	5	ELETTORE	E
150	2022-09-07 22:57:09.860181	1	ELETTORE	E
151	2022-09-07 22:57:11.087715	5	ELETTORE	E
152	2022-09-07 22:57:14.059664	1	ELETTORE	E
153	2022-09-07 22:57:30.214709	2	ELETTORE	E
154	2022-09-07 22:57:31.788697	5	ELETTORE	E
155	2022-09-08 11:02:02.146853	1	ELETTORE	E
156	2022-09-08 11:02:27.28047	2	ELETTORE	E
157	2022-09-08 11:02:33.803839	5	ELETTORE	E
158	2022-09-08 11:48:14.365944	1	ELETTORE	E
159	2022-09-08 11:48:29.859064	2	ELETTORE	E
160	2022-09-08 11:48:31.846255	5	ELETTORE	E
161	2022-09-08 11:56:26.367149	1	ELETTORE	E
162	2022-09-08 11:56:44.439653	2	ELETTORE	E
163	2022-09-08 11:56:50.701954	5	ELETTORE	E
164	2022-09-08 14:26:35.519937	1	ELETTORE	E
165	2022-09-08 14:27:47.428081	1	ELETTORE	E
166	2022-09-08 14:28:13.357555	1	ELETTORE	E
167	2022-09-08 14:33:07.765943	1	ELETTORE	E
168	2022-09-08 14:33:54.668635	1	ELETTORE	E
169	2022-09-08 14:37:34.090934	1	ELETTORE	E
170	2022-09-08 14:48:56.024645	1	ELETTORE	E
171	2022-09-08 14:52:30.078401	1	ELETTORE	E
172	2022-09-08 16:55:32.176188	1	ELETTORE	E
173	2022-09-08 17:05:46.881855	1	ELETTORE	E
174	2022-09-08 17:06:11.554637	1	ELETTORE	E
175	2022-09-08 17:06:55.835311	1	ELETTORE	E
176	2022-09-08 17:08:00.164741	1	ELETTORE	E
177	2022-09-08 17:12:22.283435	1	ELETTORE	E
178	2022-09-08 17:12:44.983533	1	ELETTORE	E
179	2022-09-08 17:13:08.019791	1	ELETTORE	E
180	2022-09-08 17:13:35.132936	1	ELETTORE	E
181	2022-09-08 17:23:49.570819	1	ELETTORE	E
182	2022-09-08 17:24:11.080378	1	ELETTORE	E
183	2022-09-08 17:37:32.495549	1	ELETTORE	E
184	2022-09-08 17:40:46.960919	1	ELETTORE	E
185	2022-09-08 17:43:01.095211	1	ELETTORE	E
186	2022-09-08 17:54:38.538754	1	ELETTORE	E
187	2022-09-08 18:08:33.009709	1	ELETTORE	E
188	2022-09-08 18:09:25.760997	1	ELETTORE	E
189	2022-09-08 18:10:22.187371	1	ELETTORE	E
190	2022-09-08 18:11:43.445974	1	ELETTORE	E
191	2022-09-08 18:12:13.787441	1	ELETTORE	E
192	2022-09-08 18:13:39.43087	1	ELETTORE	E
193	2022-09-08 18:14:05.248294	1	ELETTORE	E
194	2022-09-08 18:17:51.663184	1	ELETTORE	E
195	2022-09-08 18:18:51.663307	1	ELETTORE	E
196	2022-09-08 21:29:07.822906	1	ELETTORE	E
197	2022-09-08 21:32:25.316473	1	ELETTORE	E
198	2022-09-08 21:36:54.892786	1	ELETTORE	E
199	2022-09-08 21:37:28.879226	1	ELETTORE	E
200	2022-09-08 21:38:06.889808	1	ELETTORE	E
201	2022-09-08 21:38:26.688886	1	ELETTORE	E
202	2022-09-08 21:40:40.361565	1	ELETTORE	E
203	2022-09-08 21:41:51.130283	1	ELETTORE	E
204	2022-09-08 21:44:03.485841	1	ELETTORE	E
205	2022-09-08 21:45:41.4268	1	ELETTORE	E
206	2022-09-08 21:48:05.295116	1	ELETTORE	E
207	2022-09-08 21:50:11.669755	1	ELETTORE	E
208	2022-09-08 21:52:38.101996	1	ELETTORE	E
209	2022-09-08 21:56:24.526599	1	ELETTORE	E
210	2022-09-08 21:59:57.232803	1	ELETTORE	E
211	2022-09-08 22:01:40.324685	1	ELETTORE	E
212	2022-09-08 22:05:45.805474	1	ELETTORE	E
213	2022-09-08 22:07:11.132205	1	ELETTORE	E
214	2022-09-08 22:08:58.085861	1	ELETTORE	E
215	2022-09-08 22:09:27.797514	1	ELETTORE	E
216	2022-09-08 22:24:28.830733	1	ELETTORE	E
217	2022-09-08 22:26:39.697327	1	ELETTORE	E
218	2022-09-08 22:27:54.900532	1	ELETTORE	E
219	2022-09-08 22:32:18.338563	1	ELETTORE	E
220	2022-09-08 22:33:52.388291	1	ELETTORE	E
221	2022-09-08 22:41:28.817472	1	ELETTORE	E
222	2022-09-08 22:43:50.760489	1	ELETTORE	E
223	2022-09-08 22:44:24.300326	1	ELETTORE	E
224	2022-09-08 23:09:42.074972	1	ELETTORE	E
225	2022-09-08 23:11:21.371778	1	ELETTORE	E
226	2022-09-10 21:36:09.86025	1	ELETTORE	E
227	2022-09-10 21:49:05.662378	1	ELETTORE	E
228	2022-09-10 21:50:19.088691	1	ELETTORE	E
229	2022-09-10 22:06:41.31911	1	ELETTORE	E
230	2022-09-10 22:07:15.498942	1	ELETTORE	E
231	2022-09-10 22:09:26.451904	1	ELETTORE	E
232	2022-09-10 22:48:02.257215	1	ELETTORE	E
233	2022-09-10 22:48:55.884548	1	ELETTORE	E
234	2022-09-10 22:50:28.77699	1	ELETTORE	E
235	2022-09-10 22:51:49.086909	1	ELETTORE	E
236	2022-09-10 22:52:02.081309	2	ELETTORE	E
237	2022-09-10 22:52:13.588879	2	ELETTORE	E
238	2022-09-10 23:04:57.109484	1	ELETTORE	E
239	2022-09-10 23:05:17.164811	2	ELETTORE	E
240	2022-09-10 23:06:30.331296	1	ELETTORE	E
241	2022-09-10 23:17:24.952111	1	ELETTORE	E
242	2022-09-10 23:17:34.219042	2	ELETTORE	E
243	2022-09-10 23:18:05.609019	1	ELETTORE	E
244	2022-09-10 23:18:14.387762	2	ELETTORE	E
245	2022-09-12 13:48:47.642891	1	ELETTORE	E
246	2022-09-12 13:49:08.376736	1	ELETTORE	E
247	2022-09-12 13:50:58.957003	1	ELETTORE	E
248	2022-09-12 14:13:30.61347	1	ELETTORE	E
249	2022-09-12 14:13:54.537606	1	ELETTORE	E
250	2022-09-12 14:15:38.110102	1	ELETTORE	E
251	2022-09-12 14:16:20.299637	1	ELETTORE	E
252	2022-09-12 14:17:21.164803	1	ELETTORE	E
253	2022-09-12 14:18:37.797489	1	ELETTORE	E
254	2022-09-12 14:29:25.701319	1	ELETTORE	E
255	2022-09-12 14:35:14.704355	1	ELETTORE	E
256	2022-09-12 14:35:38.158162	1	ELETTORE	E
257	2022-09-12 14:37:20.25486	1	ELETTORE	E
258	2022-09-12 14:38:39.037701	1	ELETTORE	E
259	2022-09-12 14:43:39.678442	1	ELETTORE	E
260	2022-09-12 14:44:20.666109	1	ELETTORE	E
261	2022-09-12 14:47:31.434411	1	ELETTORE	E
262	2022-09-12 14:49:02.302624	1	ELETTORE	E
263	2022-09-12 14:49:52.40184	1	ELETTORE	E
264	2022-09-12 14:51:07.576135	1	ELETTORE	E
265	2022-09-12 14:51:53.207907	1	ELETTORE	E
266	2022-09-12 14:52:22.935716	1	ELETTORE	E
267	2022-09-12 14:53:19.416892	1	ELETTORE	E
268	2022-09-12 15:00:09.888334	1	ELETTORE	E
269	2022-09-12 15:00:19.497102	1	ELETTORE	E
270	2022-09-12 15:00:39.69151	2	ELETTORE	E
271	2022-09-12 15:02:33.00423	1	ELETTORE	E
272	2022-09-12 15:18:27.700538	1	ELETTORE	E
273	2022-09-12 15:18:38.710133	1	ELETTORE	E
274	2022-09-12 15:26:57.003664	1	ELETTORE	E
275	2022-09-12 15:49:43.697543	1	ELETTORE	E
276	2022-09-12 15:52:16.725498	1	ELETTORE	E
277	2022-09-12 15:52:55.055999	1	ELETTORE	E
278	2022-09-12 15:53:39.261387	1	ELETTORE	E
279	2022-09-12 15:54:25.715549	1	ELETTORE	E
280	2022-09-12 16:06:15.316161	1	ELETTORE	E
281	2022-09-12 16:06:22.34059	2	ELETTORE	E
282	2022-09-15 13:59:24.132712	1	ELETTORE	E
283	2022-09-15 13:59:37.062462	1	GESTORE	E
284	2022-09-15 14:03:55.944977	1	ELETTORE	E
285	2022-09-15 14:36:58.86151	1	ELETTORE	E
286	2022-09-15 14:37:38.997639	2	ELETTORE	E
287	2022-09-15 14:39:31.807726	2	ELETTORE	E
288	2022-09-15 14:39:59.946973	2	ELETTORE	E
289	2022-09-15 14:44:49.942596	1	GESTORE	E
290	2022-09-15 14:47:31.752232	1	GESTORE	E
291	2022-09-15 14:48:49.557313	1	ELETTORE	E
292	2022-09-15 14:48:58.492905	1	GESTORE	E
293	2022-09-15 14:49:23.366558	1	ELETTORE	E
294	2022-09-15 15:32:08.690715	1	GESTORE	E
295	2022-09-15 15:36:35.063079	1	ELETTORE	E
296	2022-09-15 15:36:47.05938	1	ELETTORE	E
297	2022-09-15 15:37:57.746888	1	ELETTORE	E
298	2022-09-15 15:39:02.275239	1	ELETTORE	E
299	2022-09-15 15:39:11.71655	1	ELETTORE	E
300	2022-09-15 15:40:01.183019	1	ELETTORE	E
301	2022-09-15 15:45:02.621462	1	ELETTORE	E
302	2022-09-15 15:48:49.051984	1	ELETTORE	E
303	2022-09-15 15:49:16.092638	1	ELETTORE	E
304	2022-09-15 16:20:04.939787	1	ELETTORE	E
305	2022-09-15 16:33:07.970687	1	ELETTORE	E
306	2022-09-15 16:33:51.656469	1	GESTORE	E
307	2022-09-17 10:34:52.974966	1	ELETTORE	E
308	2022-09-17 10:35:24.084293	1	GESTORE	E
309	2022-09-17 11:12:39.402657	1	GESTORE	E
310	2022-09-17 11:13:42.718972	1	GESTORE	E
311	2022-09-17 11:14:57.46644	1	GESTORE	E
312	2022-09-17 11:23:03.549387	1	GESTORE	E
313	2022-09-17 11:30:17.994771	1	GESTORE	E
314	2022-09-17 11:34:20.13183	1	GESTORE	E
315	2022-09-17 11:38:16.03333	1	GESTORE	E
316	2022-09-17 12:07:25.288152	1	GESTORE	E
317	2022-09-17 12:13:04.904001	1	GESTORE	E
318	2022-09-17 12:15:11.447687	1	GESTORE	E
319	2022-09-17 12:26:15.011441	1	GESTORE	E
320	2022-09-17 12:44:49.535177	1	GESTORE	E
321	2022-09-17 12:49:13.998975	1	GESTORE	E
322	2022-09-17 12:50:23.721338	1	GESTORE	E
323	2022-09-17 12:52:05.034491	1	GESTORE	E
324	2022-09-17 13:57:13.473647	1	GESTORE	E
325	2022-09-17 13:58:50.844562	1	GESTORE	E
326	2022-09-17 14:04:32.543452	1	GESTORE	E
327	2022-09-17 14:07:40.438204	1	GESTORE	E
328	2022-09-17 14:15:21.78532	1	GESTORE	E
329	2022-09-17 14:17:27.184385	1	GESTORE	E
330	2022-09-17 14:18:20.263169	1	ELETTORE	E
331	2022-09-17 14:18:28.445855	1	GESTORE	E
332	2022-09-17 14:19:07.501262	1	ELETTORE	E
333	2022-09-17 14:19:08.318836	5	ELETTORE	E
334	2022-09-17 14:19:10.421399	1	GESTORE	E
335	2022-09-17 14:19:26.714725	1	GESTORE	E
336	2022-09-17 17:34:36.7171	1	GESTORE	E
337	2022-09-17 17:51:49.718426	1	GESTORE	E
338	2022-09-17 17:55:57.384453	1	GESTORE	E
339	2022-09-17 18:37:04.459906	1	ELETTORE	E
340	2022-09-17 18:37:06.400264	5	ELETTORE	E
341	2022-09-17 18:37:08.425317	1	GESTORE	E
342	2022-09-17 18:39:40.283539	1	GESTORE	E
343	2022-09-17 18:44:24.8053	1	GESTORE	E
344	2022-09-17 18:47:49.741939	1	GESTORE	E
345	2022-09-17 18:53:05.915158	1	GESTORE	E
346	2022-09-18 00:07:56.021522	1	ELETTORE	E
347	2022-09-18 00:07:58.158803	5	ELETTORE	E
348	2022-09-18 00:08:00.614139	1	GESTORE	E
349	2022-09-18 00:10:32.036248	1	GESTORE	E
350	2022-09-18 00:13:47.341183	1	GESTORE	E
351	2022-09-18 00:28:06.063643	1	GESTORE	E
352	2022-09-18 00:28:51.075267	1	GESTORE	E
353	2022-09-18 00:31:00.828433	1	GESTORE	E
354	2022-09-18 00:36:42.995597	1	GESTORE	E
355	2022-09-18 00:39:03.469553	1	GESTORE	E
356	2022-09-18 00:40:09.955332	1	GESTORE	E
357	2022-09-18 00:42:01.23121	1	GESTORE	E
358	2022-09-18 00:46:54.682322	1	GESTORE	E
359	2022-09-18 00:47:42.454495	1	GESTORE	E
360	2022-09-18 00:48:55.157679	1	GESTORE	E
361	2022-09-18 10:10:04.822246	1	GESTORE	E
362	2022-09-18 10:18:50.691404	1	GESTORE	E
363	2022-09-18 10:24:56.471598	1	GESTORE	E
364	2022-09-18 10:35:34.535975	1	GESTORE	E
365	2022-09-18 10:36:31.714147	1	GESTORE	E
366	2022-09-18 10:42:06.699955	1	GESTORE	E
367	2022-09-18 10:42:29.827611	1	GESTORE	E
368	2022-09-18 10:43:35.794004	1	GESTORE	E
369	2022-09-18 10:51:29.787723	1	GESTORE	E
370	2022-09-18 10:53:28.948286	1	GESTORE	E
371	2022-09-18 11:53:27.539701	1	GESTORE	E
372	2022-09-18 11:58:31.071552	1	GESTORE	E
373	2022-09-18 12:04:35.07967	1	GESTORE	E
374	2022-09-18 12:08:38.171751	1	GESTORE	E
375	2022-09-18 12:10:38.358159	1	GESTORE	E
376	2022-09-18 12:19:56.940892	1	GESTORE	E
377	2022-09-18 12:21:37.511561	1	GESTORE	E
378	2022-09-18 12:22:13.505807	1	GESTORE	E
379	2022-09-18 12:33:56.331454	1	GESTORE	E
380	2022-09-19 18:52:00.92866	1	GESTORE	E
381	2022-09-20 09:32:42.379977	1	GESTORE	E
382	2022-09-20 11:21:37.63396	1	GESTORE	E
383	2022-09-20 11:22:02.598861	1	GESTORE	E
384	2022-09-20 11:30:38.817924	1	GESTORE	E
385	2022-09-20 11:34:23.560652	1	GESTORE	E
386	2022-09-20 11:35:21.445775	1	GESTORE	E
387	2022-09-20 12:55:50.692	1	ELETTORE	E
388	2022-09-20 12:55:55.601398	2	ELETTORE	E
389	2022-09-20 13:47:59.658511	1	ELETTORE	E
390	2022-09-20 13:51:40.724431	1	GESTORE	E
391	2022-09-20 13:52:24.808933	1	ELETTORE	E
392	2022-09-20 13:52:28.917454	2	ELETTORE	E
393	2022-09-20 13:52:42.969113	1	GESTORE	E
394	2022-09-20 14:02:34.451393	1	ELETTORE	E
395	2022-09-20 14:02:40.403475	5	ELETTORE	E
396	2022-09-20 14:02:49.91978	1	ELETTORE	LNTVTT77T42B157Z
397	2022-09-20 14:04:14.936814	2	ELETTORE	LNTVTT77T42B157Z
398	2022-09-20 14:04:16.469162	5	ELETTORE	LNTVTT77T42B157Z
399	2022-09-20 14:41:44.866049	1	GESTORE	E
400	2022-09-20 14:47:36.740283	1	GESTORE	E
401	2022-09-20 14:48:42.384506	1	GESTORE	E
402	2022-09-20 14:49:47.100955	1	GESTORE	E
403	2022-09-20 14:57:57.127003	1	GESTORE	E
404	2022-09-20 15:10:19.733074	1	GESTORE	E
405	2022-09-20 15:15:01.952136	1	GESTORE	E
406	2022-09-20 15:15:54.73706	1	GESTORE	E
407	2022-09-20 15:25:42.647533	1	GESTORE	E
408	2022-09-20 15:32:43.196164	1	ELETTORE	E
409	2022-09-20 15:32:56.998	2	ELETTORE	E
410	2022-09-20 15:32:57.943036	5	ELETTORE	E
411	2022-09-20 15:33:06.243089	1	ELETTORE	LNTVTT77T42B157Z
412	2022-09-20 15:33:11.56651	2	ELETTORE	LNTVTT77T42B157Z
413	2022-09-20 15:33:12.225563	5	ELETTORE	LNTVTT77T42B157Z
414	2022-09-20 15:33:17.776571	1	ELETTORE	MRCPSN98H11A794G
415	2022-09-20 15:33:29.438886	2	ELETTORE	MRCPSN98H11A794G
416	2022-09-20 15:33:30.890534	5	ELETTORE	MRCPSN98H11A794G
417	2022-09-20 15:33:46.698334	1	ELETTORE	TLLMRA99L13H2640
418	2022-09-20 15:33:55.08346	2	ELETTORE	TLLMRA99L13H2640
419	2022-09-20 15:33:56.090779	5	ELETTORE	TLLMRA99L13H2640
420	2022-09-20 15:33:58.336959	1	GESTORE	E
421	2022-09-20 15:42:02.691352	1	GESTORE	E
422	2022-09-20 15:44:22.063494	1	GESTORE	E
423	2022-09-20 15:45:18.750371	1	GESTORE	E
424	2022-09-20 15:51:28.505038	1	GESTORE	E
425	2022-09-20 15:52:00.544622	1	GESTORE	E
426	2022-09-20 16:06:32.183947	1	GESTORE	E
427	2022-09-20 16:08:51.375934	1	GESTORE	E
428	2022-09-20 16:19:07.897245	1	GESTORE	E
429	2022-09-20 16:20:48.908582	1	GESTORE	E
430	2022-09-20 16:21:36.116076	1	GESTORE	E
431	2022-09-20 16:59:41.940562	1	GESTORE	E
432	2022-09-20 17:03:30.923025	1	GESTORE	E
433	2022-09-20 17:25:30.927524	1	GESTORE	E
434	2022-09-20 17:56:27.201084	1	GESTORE	E
435	2022-09-20 18:16:04.252882	1	GESTORE	E
436	2022-09-20 18:17:17.066032	1	GESTORE	E
437	2022-09-20 18:18:56.81609	1	GESTORE	E
438	2022-09-20 19:46:25.795283	1	ELETTORE	E
439	2022-09-20 19:46:32.119162	2	ELETTORE	E
440	2022-09-20 19:46:32.994858	5	ELETTORE	E
441	2022-09-20 19:46:35.441979	1	GESTORE	E
442	2022-09-21 10:35:02.034379	1	GESTORE	E
443	2022-09-21 12:50:14.070593	1	GESTORE	E
444	2022-09-21 12:50:24.311159	1	GESTORE	E
445	2022-09-21 12:50:37.88934	1	ELETTORE	E
446	2022-09-21 12:50:52.579127	2	ELETTORE	E
447	2022-09-21 12:52:43.622829	1	GESTORE	E
448	2022-09-21 12:54:20.48624	1	GESTORE	E
449	2022-09-21 13:34:22.956463	1	ELETTORE	E
450	2022-09-21 13:42:03.763014	1	ELETTORE	E
451	2022-09-21 18:04:37.751561	1	GESTORE	E
452	2022-09-21 18:04:50.649371	1	ELETTORE	E
453	2022-09-21 18:05:03.612301	2	ELETTORE	E
454	2022-09-21 18:05:09.570923	5	ELETTORE	E
455	2022-09-21 18:05:12.246139	1	GESTORE	E
456	2022-09-21 18:05:34.598433	1	GESTORE	E
457	2022-09-21 20:47:47.925718	1	ELETTORE	E
458	2022-09-21 21:18:18.789956	1	GESTORE	E
459	2022-09-21 21:25:12.037522	1	GESTORE	E
460	2022-09-21 21:25:12.129475	1	ELETTORE	E
461	2022-09-21 21:25:12.205452	1	GESTORE	E
462	2022-09-21 21:25:40.066485	1	GESTORE	E
463	2022-09-21 21:25:40.156473	1	ELETTORE	E
464	2022-09-21 21:25:40.230446	1	GESTORE	E
465	2022-09-21 21:26:44.215097	1	GESTORE	E
466	2022-09-21 21:26:44.306066	1	ELETTORE	E
467	2022-09-21 21:26:44.38805	1	GESTORE	E
468	2022-09-21 21:27:18.191593	1	GESTORE	E
469	2022-09-21 21:27:18.289562	1	ELETTORE	E
470	2022-09-21 21:27:18.368536	1	GESTORE	E
471	2022-09-21 21:28:39.108089	1	GESTORE	E
472	2022-09-21 21:28:39.20404	1	ELETTORE	E
473	2022-09-21 21:28:39.283014	1	GESTORE	E
474	2022-09-21 21:32:16.486448	1	GESTORE	E
475	2022-09-21 21:32:16.57842	1	ELETTORE	E
476	2022-09-21 21:32:16.665402	1	GESTORE	E
477	2022-09-21 21:32:52.5583	1	GESTORE	E
478	2022-09-21 21:32:52.646288	1	ELETTORE	E
479	2022-09-21 21:32:52.734256	1	GESTORE	E
480	2022-09-21 21:34:19.628874	1	GESTORE	E
481	2022-09-21 21:34:34.094612	1	GESTORE	E
482	2022-09-21 21:34:34.178603	1	ELETTORE	E
483	2022-09-21 21:34:34.256578	1	GESTORE	E
484	2022-09-21 21:46:47.396922	1	GESTORE	E
485	2022-09-21 21:46:47.479912	1	ELETTORE	E
486	2022-09-21 21:46:47.557871	1	GESTORE	E
487	2022-09-21 21:49:11.552813	1	GESTORE	E
488	2022-09-21 21:49:50.039055	1	GESTORE	E
489	2022-09-21 21:49:50.136024	1	ELETTORE	E
490	2022-09-21 21:49:50.214017	1	GESTORE	E
491	2022-09-21 21:51:45.927601	1	GESTORE	E
492	2022-09-21 21:51:46.009589	1	ELETTORE	E
493	2022-09-21 21:51:46.088577	1	GESTORE	E
494	2022-09-21 21:53:04.47323	1	GESTORE	E
495	2022-09-21 21:53:04.552217	1	ELETTORE	E
496	2022-09-21 21:53:04.627197	1	GESTORE	E
497	2022-09-21 21:53:28.940807	1	GESTORE	E
498	2022-09-21 21:53:29.036798	1	ELETTORE	E
499	2022-09-21 21:53:29.110773	1	GESTORE	E
500	2022-09-21 21:54:42.930133	1	GESTORE	E
501	2022-09-21 21:54:43.028114	1	ELETTORE	E
502	2022-09-21 21:56:36.812706	1	GESTORE	E
503	2022-09-21 21:56:36.900676	1	ELETTORE	E
504	2022-09-21 21:57:24.946184	1	GESTORE	E
505	2022-09-21 21:57:25.042187	1	ELETTORE	E
506	2022-09-21 21:57:25.120163	1	GESTORE	E
507	2022-09-21 22:07:02.196248	1	GESTORE	E
508	2022-09-21 22:07:02.275237	1	ELETTORE	E
509	2022-09-21 22:07:02.349217	1	GESTORE	E
510	2022-09-21 22:09:06.654128	1	GESTORE	E
511	2022-09-21 22:09:06.774104	1	GESTORE	E
512	2022-09-21 22:09:06.852078	1	ELETTORE	E
513	2022-09-21 22:13:02.622084	1	GESTORE	E
514	2022-09-21 22:13:02.747061	1	ELETTORE	E
515	2022-09-21 22:14:05.576666	1	GESTORE	E
516	2022-09-21 22:14:05.675629	1	ELETTORE	E
517	2022-09-21 22:14:44.429603	1	GESTORE	E
518	2022-09-21 22:14:44.512577	1	GESTORE	E
519	2022-09-21 22:14:44.599563	1	ELETTORE	E
520	2022-09-21 22:16:48.28743	1	GESTORE	E
521	2022-09-21 22:16:48.390384	1	ELETTORE	E
522	2022-09-21 22:17:21.312757	1	GESTORE	E
523	2022-09-21 22:17:21.413738	1	GESTORE	E
524	2022-09-21 22:17:21.499697	1	ELETTORE	E
525	2022-09-21 22:23:18.604523	1	GESTORE	E
526	2022-09-21 22:23:18.726484	1	ELETTORE	E
527	2022-09-21 22:23:44.278094	1	GESTORE	E
528	2022-09-21 22:23:44.394098	1	ELETTORE	E
529	2022-09-21 22:25:19.079177	1	GESTORE	E
530	2022-09-21 22:25:19.18916	1	ELETTORE	E
531	2022-09-21 22:27:05.385275	1	GESTORE	E
532	2022-09-21 22:27:05.48523	1	ELETTORE	E
533	2022-09-21 22:28:31.85568	1	GESTORE	E
534	2022-09-21 22:28:31.946665	1	ELETTORE	E
535	2022-09-22 10:09:17.009771	1	GESTORE	E
536	2022-09-22 10:09:17.112927	1	ELETTORE	E
537	2022-09-22 10:10:07.050189	1	GESTORE	E
538	2022-09-22 10:10:07.159171	1	ELETTORE	E
539	2022-09-22 10:12:42.356661	1	GESTORE	E
540	2022-09-22 10:12:42.467643	1	ELETTORE	E
541	2022-09-22 10:14:08.349075	1	GESTORE	E
542	2022-09-22 10:14:08.434118	1	ELETTORE	E
543	2022-09-22 10:16:17.780768	1	GESTORE	E
544	2022-09-22 10:16:17.884068	1	ELETTORE	E
545	2022-09-22 10:20:37.753597	1	GESTORE	E
546	2022-09-22 10:20:37.852797	1	ELETTORE	E
547	2022-09-22 10:21:52.248333	1	GESTORE	E
548	2022-09-22 10:21:52.348454	1	ELETTORE	E
549	2022-09-22 10:22:09.588515	1	GESTORE	E
550	2022-09-22 10:22:09.687482	1	ELETTORE	E
551	2022-09-22 10:23:26.356392	1	GESTORE	E
552	2022-09-22 10:23:26.440729	1	ELETTORE	E
553	2022-09-22 10:26:53.496861	1	GESTORE	E
554	2022-09-22 10:26:53.582864	1	ELETTORE	E
555	2022-09-22 10:53:29.207028	1	GESTORE	E
556	2022-09-22 10:53:29.3074	1	ELETTORE	E
557	2022-09-22 10:55:06.55886	1	GESTORE	E
558	2022-09-22 10:55:06.646833	1	ELETTORE	E
559	2022-09-22 10:56:01.452472	1	GESTORE	E
560	2022-09-22 10:56:01.535446	1	ELETTORE	E
561	2022-09-22 10:57:51.609337	1	GESTORE	E
562	2022-09-22 10:57:51.699082	1	ELETTORE	E
563	2022-09-22 10:57:59.308253	1	GESTORE	E
564	2022-09-22 10:57:59.410219	1	ELETTORE	E
565	2022-09-22 11:06:10.780381	1	GESTORE	E
566	2022-09-22 11:06:10.865348	1	ELETTORE	E
567	2022-09-22 11:07:57.350813	1	GESTORE	E
568	2022-09-22 11:07:57.451504	1	ELETTORE	E
569	2022-09-22 11:32:06.756809	1	GESTORE	E
570	2022-09-22 11:32:06.845559	1	ELETTORE	E
571	2022-09-22 11:32:13.623545	1	GESTORE	E
572	2022-09-22 11:32:13.71053	1	ELETTORE	E
573	2022-09-22 11:33:52.268733	1	ELETTORE	E
574	2022-09-22 11:35:25.379884	1	ELETTORE	E
575	2022-09-22 11:35:34.729989	2	ELETTORE	E
576	2022-09-22 11:35:36.209564	5	ELETTORE	E
577	2022-09-22 11:35:38.993469	1	GESTORE	E
578	2022-09-22 11:52:09.477347	1	GESTORE	E
579	2022-09-22 11:54:23.363001	1	GESTORE	E
580	2022-09-22 11:54:26.067405	5	GESTORE	E
\.


--
-- Data for Name: Azioni_auditing; Type: TABLE DATA; Schema: sve; Owner: postgres
--

COPY sve."Azioni_auditing" (id, azione) FROM stdin;
1	LOGIN
2	VOTAZIONE
3	APERTURA_SESSIONE
4	CHIUSURA_SESSIONE
5	LOGOUT
\.


--
-- Data for Name: Candidati; Type: TABLE DATA; Schema: sve; Owner: postgres
--

COPY sve."Candidati" (id, persona, partito, ruolo) FROM stdin;
1	MTTSVN72C07F205A	2	TikToker
2	MRCPSN98H11A794G	1	Segretario
4	LNTVTT77T42B157Z	1	Presidente
3	MSSSTN81P06F839X	3	Presidente
\.


--
-- Data for Name: Elettori; Type: TABLE DATA; Schema: sve; Owner: postgres
--

COPY sve."Elettori" (cf, password, diritto_voto, diritto_voto_distanza) FROM stdin;
TLLMRA99L13H2640	$2a$10$fKo1OxDBeksu4x2acSae4u3JLP2FJ7VDA5DFBhukI1tY3fVHIDtRq	t	f
E	$2a$10$DFq3nF5F3rM4klEcRS3SC.nk.L1KLltWVkTdxktkG3Jexe82Ce/v6	t	f
MRCPSN98H11A794G	$2a$10$DFq3nF5F3rM4klEcRS3SC.nk.L1KLltWVkTdxktkG3Jexe82Ce/v6	t	f
LNTVTT77T42B157Z	$2a$10$DFq3nF5F3rM4klEcRS3SC.nk.L1KLltWVkTdxktkG3Jexe82Ce/v6	t	f
MSSSTN81P06F839X	$2a$10$DFq3nF5F3rM4klEcRS3SC.nk.L1KLltWVkTdxktkG3Jexe82Ce/v6	t	f
\.


--
-- Data for Name: Gestori; Type: TABLE DATA; Schema: sve; Owner: postgres
--

COPY sve."Gestori" (cf, password) FROM stdin;
RBNSRA92R50L113H	$2a$10$.PIxbqfYnUCx9oxrD4A0.eLBMytou4oYkbIqmlChlUEau89BkIYQu
TLLMRA99L13H2640	$2a$10$YQnGQVRzCurbwcbavzZgmOBSaiKU7fqWYiDXybBsUhsnGjJ41a6GC
E	$2a$10$f/ZMUkX7FpP5NEDJI03uD.AT/DzxbdolDOfNpSiQf.esOIEYmrIs6
\.


--
-- Data for Name: Partiti; Type: TABLE DATA; Schema: sve; Owner: postgres
--

COPY sve."Partiti" (id, nome) FROM stdin;
1	Partito pirata
3	Casa verace
2	Lega sud
\.


--
-- Data for Name: Persone; Type: TABLE DATA; Schema: sve; Owner: postgres
--

COPY sve."Persone" (cf, nome, cognome, sesso, nazionalita, luogo_nascita, data_nascita) FROM stdin;
TLLMRA99L13H2640	Mauro	Tellaroli	M	ITA	Rho	1999-07-13
RBNSRA92R50L113H	Sara	Rubini	F	ITA	Termoli	1992-10-10
MTTSVN72C07F205A	Matteo	Salvini	M	ITA	Milano	1972-03-07
MRCPSN98H11A794G	Marco	Pasini	M	ITA	Bergamo	1998-06-11
E	Elettore	Prova	F	ITA	Milano	1990-09-08
LNTVTT77T42B157Z	Violetta	Lento	F	ITA	Brescia	1977-12-02
MSSSTN81P06F839X	Massimo	Sassolino	M	ITA	Napoli	1981-09-06
\.


--
-- Data for Name: Referendum; Type: TABLE DATA; Schema: sve; Owner: postgres
--

COPY sve."Referendum" (sessione, quesito, si, no) FROM stdin;
6	Vuoi poter pagare per avere i CFU?	4	0
1	Vuoi rendere legale l'eutanasia in Italia?	0	0
3	Vuoi che si elimini dalla faccia della terra il reddito di cittadinanza?	0	0
2	Vuoi che il nord diventi indipendente?	1	0
\.


--
-- Data for Name: Sessioni; Type: TABLE DATA; Schema: sve; Owner: postgres
--

COPY sve."Sessioni" (id, titolo, data_apertura, data_chiusura, tipo_votazione, tipo_scrutinio, chiusa, gestore, "votazionePartiti") FROM stdin;
2	Indipendenza nord	2022-09-06	2022-09-16	REFERENDUM	REFERENDUM_QUORUM	f	TLLMRA99L13H2640	f
5	Elezioni categorico maggioranza assoluta	2022-09-22	2022-09-28	CATEGORICO	MAGGIORANZA_ASSOLUTA	f	RBNSRA92R50L113H	f
3	Reddito di cittadinanza	2022-09-13	2022-09-18	REFERENDUM	REFERENDUM	f	E	f
6	CFU a pagamento	2022-09-18	2022-09-23	REFERENDUM	REFERENDUM_QUORUM	t	E	f
1	Eutanasia	2022-09-02	2022-09-04	REFERENDUM	REFERENDUM	f	E	f
4	Elezioni ordinale maggioranza	2022-09-13	2022-09-16	ORDINALE	MAGGIORANZA	f	E	f
\.


--
-- Data for Name: VotiCandidati; Type: TABLE DATA; Schema: sve; Owner: postgres
--

COPY sve."VotiCandidati" (candidato, sessione, voti) FROM stdin;
3	5	0
4	5	0
1	5	1
2	5	2
2	4	7
4	4	3
3	4	7
1	4	3
\.


--
-- Data for Name: VotiElettori; Type: TABLE DATA; Schema: sve; Owner: postgres
--

COPY sve."VotiElettori" (elettore, sessione, orario) FROM stdin;
LNTVTT77T42B157Z	6	2022-09-20 15:33:11.565505
MRCPSN98H11A794G	6	2022-09-20 15:33:29.437886
TLLMRA99L13H2640	6	2022-09-20 15:33:55.082461
E	4	2022-09-21 18:05:03.610316
E	6	2022-09-22 11:35:34.728989
E	5	2022-09-22 11:35:34.728989
LNTVTT77T42B157Z	5	2022-09-22 12:11:04
MRCPSN98H11A794G	5	2022-09-22 12:11:28
\.


--
-- Data for Name: VotiPartiti; Type: TABLE DATA; Schema: sve; Owner: postgres
--

COPY sve."VotiPartiti" (partito, sessione, voti) FROM stdin;
\.


--
-- Name: Auditing_id_seq; Type: SEQUENCE SET; Schema: sve; Owner: postgres
--

SELECT pg_catalog.setval('sve."Auditing_id_seq"', 580, true);


--
-- Name: Azioni_auditing_id_seq; Type: SEQUENCE SET; Schema: sve; Owner: postgres
--

SELECT pg_catalog.setval('sve."Azioni_auditing_id_seq"', 5, true);


--
-- Name: Candidati_int_seq; Type: SEQUENCE SET; Schema: sve; Owner: postgres
--

SELECT pg_catalog.setval('sve."Candidati_int_seq"', 4, true);


--
-- Name: Partiti_id_seq; Type: SEQUENCE SET; Schema: sve; Owner: postgres
--

SELECT pg_catalog.setval('sve."Partiti_id_seq"', 3, true);


--
-- Name: Sessione_id_seq; Type: SEQUENCE SET; Schema: sve; Owner: postgres
--

SELECT pg_catalog.setval('sve."Sessione_id_seq"', 7, true);


--
-- Name: Auditing Auditing_pkey; Type: CONSTRAINT; Schema: sve; Owner: postgres
--

ALTER TABLE ONLY sve."Auditing"
    ADD CONSTRAINT "Auditing_pkey" PRIMARY KEY (id);


--
-- Name: Candidati Candidati_pkey; Type: CONSTRAINT; Schema: sve; Owner: postgres
--

ALTER TABLE ONLY sve."Candidati"
    ADD CONSTRAINT "Candidati_pkey" PRIMARY KEY (id);


--
-- Name: Elettori Elettore_pkey; Type: CONSTRAINT; Schema: sve; Owner: postgres
--

ALTER TABLE ONLY sve."Elettori"
    ADD CONSTRAINT "Elettore_pkey" PRIMARY KEY (cf);


--
-- Name: Gestori Gestore_pkey; Type: CONSTRAINT; Schema: sve; Owner: postgres
--

ALTER TABLE ONLY sve."Gestori"
    ADD CONSTRAINT "Gestore_pkey" PRIMARY KEY (cf);


--
-- Name: Partiti Partiti_pkey; Type: CONSTRAINT; Schema: sve; Owner: postgres
--

ALTER TABLE ONLY sve."Partiti"
    ADD CONSTRAINT "Partiti_pkey" PRIMARY KEY (id);


--
-- Name: Persone Persona_pkey; Type: CONSTRAINT; Schema: sve; Owner: postgres
--

ALTER TABLE ONLY sve."Persone"
    ADD CONSTRAINT "Persona_pkey" PRIMARY KEY (cf);


--
-- Name: Referendum Referendum_pkey; Type: CONSTRAINT; Schema: sve; Owner: postgres
--

ALTER TABLE ONLY sve."Referendum"
    ADD CONSTRAINT "Referendum_pkey" PRIMARY KEY (sessione);


--
-- Name: Sessioni Sessione_pkey; Type: CONSTRAINT; Schema: sve; Owner: postgres
--

ALTER TABLE ONLY sve."Sessioni"
    ADD CONSTRAINT "Sessione_pkey" PRIMARY KEY (id);


--
-- Name: VotiCandidati VotiCandidati_pkey; Type: CONSTRAINT; Schema: sve; Owner: postgres
--

ALTER TABLE ONLY sve."VotiCandidati"
    ADD CONSTRAINT "VotiCandidati_pkey" PRIMARY KEY (candidato, sessione);


--
-- Name: VotiElettori VotiElettori_pkey; Type: CONSTRAINT; Schema: sve; Owner: postgres
--

ALTER TABLE ONLY sve."VotiElettori"
    ADD CONSTRAINT "VotiElettori_pkey" PRIMARY KEY (elettore, sessione);


--
-- Name: VotiPartiti VotiPartiti_pkey; Type: CONSTRAINT; Schema: sve; Owner: postgres
--

ALTER TABLE ONLY sve."VotiPartiti"
    ADD CONSTRAINT "VotiPartiti_pkey" PRIMARY KEY (partito, sessione);


--
-- Name: Azioni_auditing azioni_auditing_pkey; Type: CONSTRAINT; Schema: sve; Owner: postgres
--

ALTER TABLE ONLY sve."Azioni_auditing"
    ADD CONSTRAINT azioni_auditing_pkey PRIMARY KEY (id);


--
-- Name: Auditing Auditing_azione_fkey; Type: FK CONSTRAINT; Schema: sve; Owner: postgres
--

ALTER TABLE ONLY sve."Auditing"
    ADD CONSTRAINT "Auditing_azione_fkey" FOREIGN KEY (azione) REFERENCES sve."Azioni_auditing"(id);


--
-- Name: Auditing Auditing_chi_fkey; Type: FK CONSTRAINT; Schema: sve; Owner: postgres
--

ALTER TABLE ONLY sve."Auditing"
    ADD CONSTRAINT "Auditing_chi_fkey" FOREIGN KEY (chi) REFERENCES sve."Persone"(cf);


--
-- Name: Candidati Candidati_partito_fkey; Type: FK CONSTRAINT; Schema: sve; Owner: postgres
--

ALTER TABLE ONLY sve."Candidati"
    ADD CONSTRAINT "Candidati_partito_fkey" FOREIGN KEY (partito) REFERENCES sve."Partiti"(id);


--
-- Name: Candidati Candidati_persona_fkey; Type: FK CONSTRAINT; Schema: sve; Owner: postgres
--

ALTER TABLE ONLY sve."Candidati"
    ADD CONSTRAINT "Candidati_persona_fkey" FOREIGN KEY (persona) REFERENCES sve."Persone"(cf);


--
-- Name: Elettori Elettore_cf_fkey; Type: FK CONSTRAINT; Schema: sve; Owner: postgres
--

ALTER TABLE ONLY sve."Elettori"
    ADD CONSTRAINT "Elettore_cf_fkey" FOREIGN KEY (cf) REFERENCES sve."Persone"(cf);


--
-- Name: Gestori Gestore_cf_fkey; Type: FK CONSTRAINT; Schema: sve; Owner: postgres
--

ALTER TABLE ONLY sve."Gestori"
    ADD CONSTRAINT "Gestore_cf_fkey" FOREIGN KEY (cf) REFERENCES sve."Persone"(cf);


--
-- Name: Referendum Referendum_sessione_fkey; Type: FK CONSTRAINT; Schema: sve; Owner: postgres
--

ALTER TABLE ONLY sve."Referendum"
    ADD CONSTRAINT "Referendum_sessione_fkey" FOREIGN KEY (sessione) REFERENCES sve."Sessioni"(id);


--
-- Name: Sessioni Sessione_gestore_fkey; Type: FK CONSTRAINT; Schema: sve; Owner: postgres
--

ALTER TABLE ONLY sve."Sessioni"
    ADD CONSTRAINT "Sessione_gestore_fkey" FOREIGN KEY (gestore) REFERENCES sve."Gestori"(cf);


--
-- Name: VotiCandidati VotiCandidati_candidato_fkey; Type: FK CONSTRAINT; Schema: sve; Owner: postgres
--

ALTER TABLE ONLY sve."VotiCandidati"
    ADD CONSTRAINT "VotiCandidati_candidato_fkey" FOREIGN KEY (candidato) REFERENCES sve."Candidati"(id);


--
-- Name: VotiCandidati VotiCandidati_sessione_fkey; Type: FK CONSTRAINT; Schema: sve; Owner: postgres
--

ALTER TABLE ONLY sve."VotiCandidati"
    ADD CONSTRAINT "VotiCandidati_sessione_fkey" FOREIGN KEY (sessione) REFERENCES sve."Sessioni"(id);


--
-- Name: VotiElettori VotiElettori_elettore_fkey; Type: FK CONSTRAINT; Schema: sve; Owner: postgres
--

ALTER TABLE ONLY sve."VotiElettori"
    ADD CONSTRAINT "VotiElettori_elettore_fkey" FOREIGN KEY (elettore) REFERENCES sve."Elettori"(cf);


--
-- Name: VotiElettori VotiElettori_sessione_fkey; Type: FK CONSTRAINT; Schema: sve; Owner: postgres
--

ALTER TABLE ONLY sve."VotiElettori"
    ADD CONSTRAINT "VotiElettori_sessione_fkey" FOREIGN KEY (sessione) REFERENCES sve."Sessioni"(id);


--
-- Name: VotiPartiti VotiPartiti_partito_fkey; Type: FK CONSTRAINT; Schema: sve; Owner: postgres
--

ALTER TABLE ONLY sve."VotiPartiti"
    ADD CONSTRAINT "VotiPartiti_partito_fkey" FOREIGN KEY (partito) REFERENCES sve."Partiti"(id);


--
-- Name: VotiPartiti VotiPartiti_sessione_fkey; Type: FK CONSTRAINT; Schema: sve; Owner: postgres
--

ALTER TABLE ONLY sve."VotiPartiti"
    ADD CONSTRAINT "VotiPartiti_sessione_fkey" FOREIGN KEY (sessione) REFERENCES sve."Sessioni"(id);


--
-- PostgreSQL database dump complete
--

